<?xml version="1.0" encoding="utf-8"?>
<!DOCTYPE install SYSTEM "http://dev.joomla.org/xml/1.5/component-install.dtd">
<install type="component" version="1.5.0">
	<name>Teamlog</name>
	<author>YOOtheme</author>
	<creationDate>August 2008</creationDate>
	<copyright>Copyright (C) 2008 YOOtheme Ltd. &amp; Co. KG. All rights reserved.</copyright>
	<license>http://www.gnu.org/licenses/gpl-2.0.html GNU/GPLv2 only</license>
	<authorEmail>info@yootheme.com</authorEmail>
	<authorUrl>http://www.yootheme.com</authorUrl>
	<version>0.9.2 BETA</version>
	<description>Teamlog Joomla 1.5 component from YOOtheme.com (http://www.yootheme.com)</description>
	<languages folder="site/language">
		<language tag="en-GB">en-GB.com_teamlog.ini</language>
	</languages>
	<install>
		<sql>
			<file driver="mysql" charset="utf8">installation/install.sql</file>
		</sql>
	</install>
	<uninstall>
		<sql>
			<file driver="mysql" charset="utf8">installation/uninstall.sql</file>
		</sql>
	</uninstall>
	<files folder="site">
		<filename>controller.php</filename>
		<filename>teamlog.php</filename>
		<filename>index.html</filename>
		<folder>assets</folder>
		<folder>helpers</folder>
		<folder>models</folder>
		<folder>views</folder>		
	</files>
	<administration>
		<menu img="components/com_teamlog/assets/images/teamlog-16.png">Teamlog</menu>
		<languages folder="admin/language">
			<language tag="en-GB">en-GB.com_teamlog.ini</language>
		</languages>
		<files folder="admin">
			<filename>changelog.php</filename>
			<filename>teamlog.php</filename>
			<filename>index.html</filename>
			<folder>assets</folder>
			<folder>classes</folder>
			<folder>controllers</folder>
			<folder>helpers</folder>
			<folder>installation</folder>
			<folder>libraries</folder>
			<folder>models</folder>
			<folder>tables</folder>		
			<folder>views</folder>		
		</files>
	</administration>
</install>
